{"project":{"pid":"__VIA_PROJECT_ID__","rev":"__VIA_PROJECT_REV_ID__","rev_timestamp":"__VIA_PROJECT_REV_TIMESTAMP__","pname":"labels","creator":"VGG Image Annotator (http://www.robots.ox.ac.uk/~vgg/software/via)","created":1721875515329,"vid_list":["1","2","3","4","5","6","7"]},"config":{"file":{"loc_prefix":{"1":"","2":"","3":"","4":""}},"ui":{"file_content_align":"center","file_metadata_editor_visible":true,"spatial_metadata_editor_visible":true,"temporal_segment_metadata_editor_visible":true,"spatial_region_label_attribute_id":"","gtimeline_visible_row_count":"4"}},"attribute":{},"file":{"1":{"fid":"1","fname":"data1.jpg","type":2,"loc":1,"src":""},"2":{"fid":"2","fname":"data20.jpeg","type":2,"loc":1,"src":""},"3":{"fid":"3","fname":"data15.jpg","type":2,"loc":1,"src":""},"4":{"fid":"4","fname":"data7.jpg","type":2,"loc":1,"src":""},"5":{"fid":"5","fname":"data4.jpg","type":2,"loc":1,"src":""},"6":{"fid":"6","fname":"data3.png","type":2,"loc":1,"src":""},"7":{"fid":"7","fname":"data2.jpeg","type":2,"loc":1,"src":""}},"metadata":{"1_OukhwKxh":{"vid":"1","flg":0,"z":[],"xy":[1,539.049,838.256],"av":{}},"1_HzeXu62C":{"vid":"1","flg":0,"z":[],"xy":[1,802.636,586.542],"av":{}},"1_nDyXnjNN":{"vid":"1","flg":0,"z":[],"xy":[1,1082.846,453.561],"av":{}},"1_sJeaPIjQ":{"vid":"1","flg":0,"z":[],"xy":[1,1681.261,410.817],"av":{}},"1_fgWrdd6A":{"vid":"1","flg":0,"z":[],"xy":[1,1989.968,529.55],"av":{}},"1_DKvnNf70":{"vid":"1","flg":0,"z":[],"xy":[1,2322.42,828.757],"av":{}},"1_WSM4JGZ0":{"vid":"1","flg":0,"z":[],"xy":[1,2453.027,1063.849],"av":{}},"1_QaHAzEVE":{"vid":"1","flg":0,"z":[],"xy":[1,389.445,1042.477],"av":{}},"1_VZ1keF0Y":{"vid":"1","flg":0,"z":[],"xy":[1,1374.93,377.571],"av":{}},"1_5xnoawmA":{"vid":"1","flg":0,"z":[],"xy":[1,2172.817,664.906],"av":{}},"2_wCIDQfsx":{"vid":"2","flg":0,"z":[],"xy":[1,95.774,63.849],"av":{}},"2_emaORhTx":{"vid":"2","flg":0,"z":[],"xy":[1,148.075,25.358],"av":{}},"2_4ic4Zd5n":{"vid":"2","flg":0,"z":[],"xy":[1,187.245,9.962],"av":{}},"2_dWy0BRmD":{"vid":"2","flg":0,"z":[],"xy":[1,221.208,30.34],"av":{}},"2_G3WeFVxy":{"vid":"2","flg":0,"z":[],"xy":[1,231.623,81.283],"av":{}},"2_oHJWWLEg":{"vid":"2","flg":0,"z":[],"xy":[1,225.057,132.679],"av":{}},"2_XcEwE32p":{"vid":"2","flg":0,"z":[],"xy":[1,220.075,158.038],"av":{}},"2_0i73XbJf":{"vid":"2","flg":0,"z":[],"xy":[1,230.717,107.774],"av":{}},"2_o73BALFs":{"vid":"2","flg":0,"z":[],"xy":[1,225.509,53.887],"av":{}},"2_KNoJrRyt":{"vid":"2","flg":0,"z":[],"xy":[1,208.528,21.509],"av":{}},"3_yVbvMwfw":{"vid":"3","flg":0,"z":[],"xy":[1,446.604,37.358],"av":{}},"3_3cRiPjXJ":{"vid":"3","flg":0,"z":[],"xy":[1,661.415,173.208],"av":{}},"3_if34IolU":{"vid":"3","flg":0,"z":[],"xy":[1,871.132,329.434],"av":{}},"3_ufGwJu0X":{"vid":"3","flg":0,"z":[],"xy":[1,1035,459.34],"av":{}},"3_aHXlXFxb":{"vid":"3","flg":0,"z":[],"xy":[1,1137.736,533.208],"av":{}},"3_Tf6WAtmP":{"vid":"3","flg":0,"z":[],"xy":[1,949.245,388.868],"av":{}},"3_DtywnZbk":{"vid":"3","flg":0,"z":[],"xy":[1,737.83,246.226],"av":{}},"3_rs4GgDET":{"vid":"3","flg":0,"z":[],"xy":[1,539.151,106.981],"av":{}},"4_k1dA9YHu":{"vid":"4","flg":0,"z":[],"xy":[1,653.677,497.655],"av":{}},"4_X8iFclvX":{"vid":"4","flg":0,"z":[],"xy":[1,735.722,381.984],"av":{}},"4_ah4v7gXp":{"vid":"4","flg":0,"z":[],"xy":[1,887.709,247.482],"av":{}},"4_8X48MwCl":{"vid":"4","flg":0,"z":[],"xy":[1,998,177.542],"av":{}},"4_c6p0ilxn":{"vid":"4","flg":0,"z":[],"xy":[1,1066.596,73.976],"av":{}},"4_aUi65REO":{"vid":"4","flg":0,"z":[],"xy":[1,793.558,318.768],"av":{}},"5_whWyUq08":{"vid":"5","flg":0,"z":[],"xy":[1,160.593,221.725],"av":{}},"5_vgnh1kWv":{"vid":"5","flg":0,"z":[],"xy":[1,204.259,174.663],"av":{}},"5_A2KW6TKN":{"vid":"5","flg":0,"z":[],"xy":[1,303.235,106.739],"av":{}},"5_U0u973xR":{"vid":"5","flg":0,"z":[],"xy":[1,412.884,96.065],"av":{}},"5_9wY9yW8Q":{"vid":"5","flg":0,"z":[],"xy":[1,498.275,139.73],"av":{}},"5_OOpT5soN":{"vid":"5","flg":0,"z":[],"xy":[1,577.844,209.596],"av":{}},"5_2G0qAtJm":{"vid":"5","flg":0,"z":[],"xy":[1,614.232,276.065],"av":{}},"5_btb8NPWf":{"vid":"5","flg":0,"z":[],"xy":[1,543.396,176.604],"av":{}},"5_DwRuR4qA":{"vid":"5","flg":0,"z":[],"xy":[1,261.024,129.057],"av":{}},"6_g59dX32b":{"vid":"6","flg":0,"z":[],"xy":[1,24.933,137.628],"av":{}},"6_pEanYGCE":{"vid":"6","flg":0,"z":[],"xy":[1,34.906,96.938],"av":{}},"6_lr2s67S2":{"vid":"6","flg":0,"z":[],"xy":[1,72.205,55.65],"av":{}},"6_ZDEzkUgQ":{"vid":"6","flg":0,"z":[],"xy":[1,107.111,41.089],"av":{}},"6_DKJYdCfs":{"vid":"6","flg":0,"z":[],"xy":[1,148.997,32.113],"av":{}},"6_XvFQWz0s":{"vid":"6","flg":0,"z":[],"xy":[1,188.889,45.078],"av":{}},"6_v8ufV3GL":{"vid":"6","flg":0,"z":[],"xy":[1,217.811,74.997],"av":{}},"6_469VGb8y":{"vid":"6","flg":0,"z":[],"xy":[1,243.143,111.499],"av":{}},"6_qBOa1UA4":{"vid":"6","flg":0,"z":[],"xy":[1,254.512,142.216],"av":{}},"7_bBFWHQSh":{"vid":"7","flg":0,"z":[],"xy":[1,2.194,92.949],"av":{}},"7_B0vpEXRi":{"vid":"7","flg":0,"z":[],"xy":[1,23.137,60.836],"av":{}},"7_Y0PG6B1B":{"vid":"7","flg":0,"z":[],"xy":[1,71.407,31.116],"av":{}},"7_DWjBz5Pr":{"vid":"7","flg":0,"z":[],"xy":[1,117.482,25.132],"av":{}},"7_2Ue9EOAe":{"vid":"7","flg":0,"z":[],"xy":[1,166.35,34.307],"av":{}},"7_zVqNhdy3":{"vid":"7","flg":0,"z":[],"xy":[1,219.208,60.237],"av":{}},"7_vBq42mPJ":{"vid":"7","flg":0,"z":[],"xy":[1,244.938,101.127],"av":{}},"7_lSOkOzhV":{"vid":"7","flg":0,"z":[],"xy":[1,260.296,135.833],"av":{}}},"view":{"1":{"fid_list":["1"]},"2":{"fid_list":["2"]},"3":{"fid_list":["3"]},"4":{"fid_list":["4"]},"5":{"fid_list":["5"]},"6":{"fid_list":["6"]},"7":{"fid_list":["7"]}}}